ProjID,Market,DeliveryDate,YearBuilt,Submarket,AgeAtDelivery,SeasonOfDelivery,SubmarketCompetition,RentAtDelivery,AvgOcc_3Mo_PostDelivery,Cluster,tSNE1,tSNE2
13268,"Austin-Round Rock, TX",2008-04-01,2003,Southeast Austin,5,Spring,0,670.0,0.0,2.0,-4.869074,16.067827
18255,"Austin-Round Rock, TX",2008-04-01,2007,East Austin,1,Spring,3,1606.0,0.8489999999999999,2.0,-2.939874,16.299152
18272,"Austin-Round Rock, TX",2008-10-01,2009,Round Rock/Georgetown,-1,Fall,4,1035.0,0.18166666666666664,3.0,1.0496708,-25.316109
19035,"Austin-Round Rock, TX",2008-04-01,2008,Downtown/University,0,Spring,3,2479.0,0.7526666666666667,2.0,-1.3571385,15.482919
19124,"Austin-Round Rock, TX",2008-04-01,2009,Far South Austin,-1,Spring,1,1154.0,0.15666666666666665,2.0,0.84843546,25.0667
19145,"Austin-Round Rock, TX",2008-04-01,2008,Pflugerville/Wells Branch,0,Spring,0,1036.0,0.3466666666666667,2.0,-3.420732,22.620132
19148,"Austin-Round Rock, TX",2008-04-01,2008,Southwest Austin,0,Spring,2,1695.0,0.5693333333333334,2.0,-2.1123893,18.511183
19152,"Austin-Round Rock, TX",2008-04-01,2008,Downtown/University,0,Spring,3,2870.0,0.12333333333333334,2.0,0.15117207,12.659169
19170,"Austin-Round Rock, TX",2008-04-01,2007,Cedar Park,1,Spring,3,1016.0,0.7566666666666667,2.0,-3.3536,16.41386
19199,"Austin-Round Rock, TX",2009-04-01,2009,East Austin,0,Spring,0,1506.0,0.06366666666666666,2.0,-2.367311,23.322863
19373,"Austin-Round Rock, TX",2008-04-01,2008,Southwest Austin,0,Spring,2,1417.0,0.146,2.0,-0.25154406,21.652248
19410,"Austin-Round Rock, TX",2008-04-01,2008,Downtown/University,0,Spring,3,2012.0,0.32633333333333336,2.0,-1.1991614,19.868279
19551,"Austin-Round Rock, TX",2008-04-01,2008,Southwest Austin,0,Spring,2,1149.0,0.16,2.0,0.5633526,21.68759
19622,"Austin-Round Rock, TX",2008-05-01,2008,Cedar Park,0,Spring,3,1054.0,0.5696666666666667,2.0,-0.6369207,17.52775
19624,"Austin-Round Rock, TX",2008-12-01,2008,Pflugerville/Wells Branch,0,Winter,1,1018.0,0.695,0.0,-17.133827,-3.2353246
19625,"Austin-Round Rock, TX",2008-12-01,2009,Downtown/University,-1,Winter,2,1684.0,0.23066666666666666,0.0,-24.235197,-2.6412435
19639,"Austin-Round Rock, TX",2009-12-01,2010,Downtown/University,-1,Winter,1,1864.0,0.8450000000000001,0.0,-16.865837,-1.2982059
19776,"Austin-Round Rock, TX",2008-06-01,2008,Cedar Park,0,Summer,3,930.0,0.599,1.0,15.680158,-0.036749184
19831,"Austin-Round Rock, TX",2009-03-01,2009,Round Rock/Georgetown,0,Spring,5,1028.0,0.6093333333333334,2.0,1.3855323,17.121265
19836,"Austin-Round Rock, TX",2009-03-01,2009,Far South Austin,0,Spring,3,1054.0,0.4146666666666667,2.0,0.39337337,18.177668
19837,"Austin-Round Rock, TX",2009-03-01,2009,Far South Austin,0,Spring,3,1188.0,0.408,2.0,0.22833832,18.354078
19839,"Austin-Round Rock, TX",2008-06-01,2008,North Central Austin,0,Summer,0,865.0,0.103,1.0,15.9426,-3.5419738
19841,"Austin-Round Rock, TX",2008-12-01,2008,Southeast Austin,0,Winter,1,1027.0,0.7840000000000001,0.0,-16.730326,-3.2134025
19869,"Austin-Round Rock, TX",2008-07-01,2008,Downtown/University,0,Summer,5,2108.0,0.25233333333333335,1.0,21.185083,-4.296792
19876,"Austin-Round Rock, TX",2009-01-01,2009,Downtown/University,0,Winter,2,2354.0,0.331,0.0,-21.914108,0.50239843
19952,"Austin-Round Rock, TX",2008-08-01,2008,East Austin,0,Summer,3,1130.0,0.34,1.0,17.881618,-1.098906
19960,"Austin-Round Rock, TX",2008-08-01,2008,East Austin,0,Summer,3,943.0,0.146,1.0,18.660172,-1.3397527
19962,"Austin-Round Rock, TX",2009-03-01,2009,Round Rock/Georgetown,0,Spring,5,925.0,0.4533333333333333,2.0,1.7882851,17.48676
19963,"Austin-Round Rock, TX",2008-09-01,2009,Cedar Park,-1,Fall,3,1045.0,0.17900000000000002,3.0,0.16916017,-24.785633
19965,"Austin-Round Rock, TX",2008-08-01,2008,South Austin,0,Summer,1,1412.0,0.26933333333333337,1.0,17.349339,-2.6296718
20040,"Austin-Round Rock, TX",2009-03-01,2009,Round Rock/Georgetown,0,Spring,5,1058.0,0.4026666666666667,2.0,1.8960555,17.69262
20173,"Austin-Round Rock, TX",2008-11-01,2009,Far West Austin,-1,Fall,0,1551.0,0.079,3.0,-1.7975391,-21.529411
20685,"Austin-Round Rock, TX",2009-03-01,2009,Round Rock/Georgetown,0,Spring,5,1047.0,0.25633333333333336,2.0,2.2272875,18.175869
20697,"Austin-Round Rock, TX",2008-09-01,2009,Far South Austin,-1,Fall,4,873.0,0.27999999999999997,3.0,0.69434536,-25.840565
23047,"Austin-Round Rock, TX",2010-03-01,2010,North Central Austin,0,Spring,1,1266.0,0.5213333333333333,2.0,-3.0920544,19.0749
26327,"Austin-Round Rock, TX",2009-07-01,2009,North Central Austin,0,Summer,0,1243.0,,,,
26336,"Austin-Round Rock, TX",2009-12-01,2009,Northwest Austin,0,Winter,0,1063.0,0.49700000000000005,0.0,-17.96601,-3.196357
26391,"Austin-Round Rock, TX",2009-07-01,2009,Pflugerville/Wells Branch,0,Summer,2,849.0,0.9146666666666667,1.0,15.539734,1.169772
26404,"Austin-Round Rock, TX",2009-09-01,2009,Pflugerville/Wells Branch,0,Fall,2,997.0,0.7566666666666667,3.0,-3.3657448,-26.910612
26406,"Austin-Round Rock, TX",2009-09-01,2009,South Austin,0,Fall,0,2154.0,0.7306666666666667,3.0,-0.2851778,-18.530148
26420,"Austin-Round Rock, TX",2009-12-01,2009,Southwest Austin,0,Winter,1,1138.0,0.746,0.0,-16.997644,-3.0009255
26425,"Austin-Round Rock, TX",2009-12-01,2009,Near North Austin,0,Winter,1,1429.0,0.42700000000000005,0.0,-18.982801,-2.5755615
26436,"Austin-Round Rock, TX",2009-09-01,2009,Downtown/University,0,Fall,1,2959.0,0.5710000000000001,3.0,0.058453206,-18.607588
27065,"Austin-Round Rock, TX",2009-03-01,2009,Far South Austin,0,Spring,3,1131.0,0.20466666666666664,2.0,1.2824681,20.039083
30455,"Austin-Round Rock, TX",2009-03-01,2009,Pflugerville/Wells Branch,0,Spring,3,1141.0,0.5703333333333332,2.0,-0.7400384,17.596607
33780,"Austin-Round Rock, TX",2010-07-01,2010,North Central Austin,0,Summer,1,798.0,0.5333333333333333,1.0,16.333405,0.594915
33925,"Austin-Round Rock, TX",2010-02-01,2010,Cedar Park,0,Winter,0,1136.0,0.15566666666666665,0.0,-19.99772,-1.2418461
34006,"Austin-Round Rock, TX",2009-09-01,2009,Far West Austin,0,Fall,0,1127.0,0.7346666666666667,3.0,-3.8796237,-26.796139
34037,"Austin-Round Rock, TX",2012-09-01,2013,Far South Austin,-1,Fall,1,1105.0,0.2843333333333333,3.0,-1.8523217,-23.817327
34038,"Austin-Round Rock, TX",2010-04-01,2010,Riverside,0,Spring,0,1381.0,0.06266666666666666,2.0,-2.19779,23.711767
34139,"Austin-Round Rock, TX",2010-04-01,2010,Near North Austin,0,Spring,1,1428.0,0.373,2.0,-2.6413481,20.392502
34164,"Austin-Round Rock, TX",2010-03-01,2010,Southwest Austin,0,Spring,2,1025.0,0.322,2.0,-0.0021101828,19.254372
34301,"Austin-Round Rock, TX",2011-10-01,2012,San Marcos,-1,Fall,2,900.0,0.07033333333333334,3.0,-0.8099437,-23.936285
34304,"Austin-Round Rock, TX",2010-09-01,2010,San Marcos,0,Fall,0,980.0,0.8516666666666666,3.0,-3.8965328,-27.023083
34862,"Austin-Round Rock, TX",2013-12-01,2014,Cedar Park,-1,Winter,3,922.0,0.1386666666666667,0.0,-23.443367,-4.1121364
34863,"Austin-Round Rock, TX",2013-12-01,2014,East Austin,-1,Winter,2,1752.0,0.13033333333333333,0.0,-24.514761,-2.7545497
34865,"Austin-Round Rock, TX",2012-09-01,2013,South Austin,-1,Fall,1,1638.0,0.09966666666666667,3.0,-0.6456937,-21.751244
34951,"Austin-Round Rock, TX",2014-07-01,2015,Near North Austin,-1,Summer,3,1548.0,0.131,1.0,23.787958,-0.8835833
35623,"Austin-Round Rock, TX",2013-08-01,2014,South Austin,-1,Summer,2,1574.0,0.08166666666666667,1.0,24.214834,0.39254978
35651,"Austin-Round Rock, TX",2019-09-01,2020,Downtown/University,-1,Fall,1,3420.0,0.11866666666666666,3.0,0.9537303,-19.364
35677,"Austin-Round Rock, TX",2012-08-01,2012,South Austin,0,Summer,1,1819.0,0.2723333333333333,1.0,18.316256,-2.6903067
35678,"Austin-Round Rock, TX",2013-04-01,2014,North Central Austin,-1,Spring,3,1310.0,0.0,2.0,2.3790085,24.059177
35681,"Austin-Round Rock, TX",2013-01-01,2013,Round Rock/Georgetown,0,Winter,0,1290.0,0.12433333333333334,0.0,-20.254326,-1.2023188
35687,"Austin-Round Rock, TX",2012-02-01,2012,Southwest Austin,0,Winter,0,1167.0,0.19933333333333336,0.0,-19.902193,-1.3666551
35750,"Austin-Round Rock, TX",2008-06-01,2008,South Austin,0,Summer,1,1554.0,0.153,1.0,17.669668,-3.3440218
35835,"Austin-Round Rock, TX",2013-08-01,2014,Riverside,-1,Summer,1,1658.0,0.07933333333333333,1.0,24.32143,1.4778936
36130,"Austin-Round Rock, TX",2015-04-01,2015,Downtown/University,0,Spring,1,2926.0,0.24066666666666667,2.0,-0.024536192,13.31138
36477,"Austin-Round Rock, TX",2012-08-01,2012,North Central Austin,0,Summer,1,1003.0,0.22333333333333336,1.0,16.315027,-2.8517466
36480,"Austin-Round Rock, TX",2012-11-01,2013,Far South Austin,-1,Fall,2,1075.0,0.11133333333333333,3.0,-0.7031334,-23.77934
36483,"Austin-Round Rock, TX",2013-10-01,2014,South Austin,-1,Fall,2,1724.0,0.09166666666666667,3.0,0.4308954,-22.032726
36484,"Austin-Round Rock, TX",2014-10-01,2016,South Austin,-2,Fall,4,1920.0,0.06,3.0,2.7693856,-23.182707
36486,"Austin-Round Rock, TX",2018-01-01,2018,Southwest Austin,0,Winter,1,2182.0,0.021,0.0,-22.027643,-0.30769092
37272,"Austin-Round Rock, TX",2013-10-01,2014,East Austin,-1,Fall,2,1669.0,0.12533333333333332,3.0,0.27764615,-22.272463
37301,"Austin-Round Rock, TX",2013-08-01,2014,Cedar Park,-1,Summer,5,1100.0,0.17900000000000002,1.0,23.94782,-2.7223291
37329,"Austin-Round Rock, TX",2013-06-01,2013,North Central Austin,0,Summer,3,1362.0,0.65,1.0,16.13019,-0.25521684
37334,"Austin-Round Rock, TX",2013-01-01,2013,North Central Austin,0,Winter,3,1038.0,0.26866666666666666,0.0,-20.910229,-4.2780957
37339,"Austin-Round Rock, TX",2012-10-01,2013,Pflugerville/Wells Branch,-1,Fall,1,823.0,0.555,3.0,-2.1871946,-26.418991
37407,"Austin-Round Rock, TX",2014-12-01,2016,South Austin,-2,Winter,4,1693.0,0.119,0.0,-25.364664,-4.158327
37409,"Austin-Round Rock, TX",2014-12-01,2015,East Austin,-1,Winter,1,1495.0,0.135,0.0,-24.438677,-1.8604777
37576,"Austin-Round Rock, TX",2012-11-01,2013,Pflugerville/Wells Branch,-1,Fall,1,1118.0,0.122,3.0,-1.6682339,-23.053963
37782,"Austin-Round Rock, TX",2013-04-01,2013,Downtown/University,0,Spring,0,2560.0,0.38366666666666666,2.0,-0.16480114,13.947891
37790,"Austin-Round Rock, TX",2015-03-01,2015,Downtown/University,0,Spring,1,3204.0,0.18200000000000002,2.0,0.0318126,13.045465
37791,"Austin-Round Rock, TX",2014-01-01,2014,Downtown/University,0,Winter,2,2802.0,0.209,0.0,-22.18464,0.8419815
37912,"Austin-Round Rock, TX",2013-07-01,2013,Riverside,0,Summer,1,2448.0,0.20133333333333328,1.0,20.313496,-1.9964051
38303,"Austin-Round Rock, TX",2015-04-01,2015,East Austin,0,Spring,2,1529.0,0.25366666666666665,2.0,-0.9303719,20.962297
38376,"Austin-Round Rock, TX",2013-09-01,2014,Cedar Park,-1,Fall,4,1065.0,0.20933333333333334,3.0,0.9649233,-25.351942
38377,"Austin-Round Rock, TX",2013-04-01,2013,Cedar Park,0,Spring,3,1072.0,0.2363333333333333,2.0,1.2975703,19.664574
38381,"Austin-Round Rock, TX",2015-03-01,2016,Far West Austin,-1,Spring,0,1529.0,0.08566666666666667,2.0,0.6613227,25.645056
38382,"Austin-Round Rock, TX",2015-03-01,2015,North Central Austin,0,Spring,1,1524.0,0.09466666666666666,2.0,-1.6351477,22.46472
38748,"Austin-Round Rock, TX",2013-03-01,2013,San Marcos,0,Spring,0,954.0,0.17333333333333334,2.0,-1.397335,24.09867
38849,"Austin-Round Rock, TX",2014-08-01,2015,Southwest Austin,-1,Summer,1,1381.0,0.05333333333333334,1.0,23.739765,1.800155
41311,"Austin-Round Rock, TX",2014-11-01,2015,South Austin,-1,Fall,4,2157.0,0.12766666666666668,3.0,2.297839,-22.54839
41329,"Austin-Round Rock, TX",2013-12-01,2014,Downtown/University,-1,Winter,2,2078.0,0.16333333333333333,0.0,-24.851048,-2.606376
41406,"Austin-Round Rock, TX",2009-09-01,2009,Round Rock/Georgetown,0,Fall,6,874.0,0.6756666666666667,3.0,-0.07147497,-27.323051
41412,"Austin-Round Rock, TX",2010-03-01,2009,Round Rock/Georgetown,1,Spring,3,930.0,0.6709999999999999,2.0,-3.4743974,16.375021
41571,"Austin-Round Rock, TX",2014-09-01,2015,South Austin,-1,Fall,4,2258.0,0.13133333333333333,3.0,2.3338525,-22.40673
42066,"Austin-Round Rock, TX",2014-05-01,2014,Riverside,0,Spring,1,1945.0,0.11066666666666668,2.0,-2.3585606,21.936533
42127,"Austin-Round Rock, TX",2012-04-01,2012,Far West Austin,0,Spring,0,1236.0,0.11633333333333334,2.0,-1.8435757,23.837252
42276,"Austin-Round Rock, TX",2016-04-01,2016,Downtown/University,0,Spring,3,3388.0,0.26166666666666666,2.0,0.12268854,12.590635
42292,"Austin-Round Rock, TX",2015-03-01,2015,Cedar Park,0,Spring,2,1526.0,0.414,2.0,-1.7623297,19.364605
42294,"Austin-Round Rock, TX",2018-12-01,2018,Near North Austin,0,Winter,1,1679.0,0.7200000000000001,0.0,-17.38837,-2.128963
42296,"Austin-Round Rock, TX",2014-03-01,2014,East Austin,0,Spring,2,1280.0,0.155,2.0,0.21495923,21.640976
42323,"Austin-Round Rock, TX",2013-04-01,2013,Far South Austin,0,Spring,2,1063.0,0.3546666666666667,2.0,-0.23086838,19.01322
42336,"Austin-Round Rock, TX",2015-01-01,2015,South Austin,0,Winter,4,2575.0,0.11633333333333333,0.0,-22.504988,0.92214024
42348,"Austin-Round Rock, TX",2016-09-01,2017,Cedar Park,-1,Fall,4,1344.0,0.15266666666666667,3.0,1.3972857,-24.722021
42567,"Austin-Round Rock, TX",2013-11-01,2014,South Austin,-1,Fall,2,1612.0,0.06033333333333333,3.0,0.20050429,-22.443726
42660,"Austin-Round Rock, TX",2014-02-01,2014,Cedar Park,0,Winter,3,1309.0,0.13133333333333333,0.0,-21.752441,-3.6196618
42731,"Austin-Round Rock, TX",2015-08-01,2016,Cedar Park,-1,Summer,1,1188.0,0.12366666666666666,1.0,22.829351,1.909742
42760,"Austin-Round Rock, TX",2013-10-01,2014,Northwest Austin,-1,Fall,0,1082.0,0.12533333333333332,3.0,-2.3128505,-22.420942
43125,"Austin-Round Rock, TX",2010-09-01,2010,Southwest Austin,0,Fall,1,1108.0,0.567,3.0,-3.5936964,-26.288324
43357,"Austin-Round Rock, TX",2015-03-01,2015,Round Rock/Georgetown,0,Spring,3,1123.0,0.9153333333333333,2.0,-2.2313719,16.940403
43630,"Austin-Round Rock, TX",2014-01-01,2014,Downtown/University,0,Winter,2,1717.0,0.06466666666666666,0.0,-21.855394,-1.6935794
43844,"Austin-Round Rock, TX",2014-02-01,2014,Southeast Austin,0,Winter,0,1231.0,0.262,0.0,-19.706947,-1.5551331
44001,"Austin-Round Rock, TX",2014-12-01,2015,Near North Austin,-1,Winter,1,1663.0,0.5409999999999999,0.0,-23.302582,-1.652786
44404,"Austin-Round Rock, TX",2013-02-01,2013,Cedar Park,0,Winter,2,1329.0,0.10999999999999999,0.0,-21.381975,-2.7144206
44456,"Austin-Round Rock, TX",2014-02-01,2014,North Central Austin,0,Winter,1,1433.0,0.11333333333333333,0.0,-20.922901,-1.7621466
44461,"Austin-Round Rock, TX",2015-10-01,2016,Far South Austin,-1,Fall,3,1300.0,0.246,3.0,0.19908355,-24.722948
44462,"Austin-Round Rock, TX",2013-10-01,2014,Far South Austin,-1,Fall,1,1169.0,0.17666666666666667,3.0,-1.6530967,-23.162754
44464,"Austin-Round Rock, TX",2016-01-01,2016,Far South Austin,0,Winter,2,1288.0,0.32233333333333336,0.0,-20.238203,-3.1722813
44494,"Austin-Round Rock, TX",2014-12-01,2015,Arboretum,-1,Winter,0,1524.0,0.044000000000000004,0.0,-24.683826,-1.2308307
44496,"Austin-Round Rock, TX",2015-06-01,2016,Far South Austin,-1,Summer,2,1232.0,0.12666666666666668,1.0,23.30715,0.3272348
44692,"Austin-Round Rock, TX",2016-03-01,2016,Far South Austin,0,Spring,2,1613.0,0.13566666666666669,2.0,-0.8935014,21.514788
45066,"Austin-Round Rock, TX",2014-05-01,2014,Near North Austin,0,Spring,2,1452.0,0.19933333333333333,2.0,-0.44907779,21.28592
45127,"Austin-Round Rock, TX",2015-12-01,2016,Southeast Austin,-1,Winter,0,1350.0,0.022333333333333334,0.0,-24.688593,-1.1468043
45203,"Austin-Round Rock, TX",2012-02-01,2011,San Marcos,1,Winter,1,1144.0,0.6066666666666666,0.0,-17.380468,-4.099307
45204,"Austin-Round Rock, TX",2011-05-01,2011,San Marcos,0,Spring,1,975.0,0.258,2.0,-0.6093764,23.228363
45569,"Austin-Round Rock, TX",2015-07-01,2016,Southwest Austin,-1,Summer,2,1407.0,0.20766666666666667,1.0,23.02759,0.20785083
46261,"Austin-Round Rock, TX",2016-09-01,2017,Cedar Park,-1,Fall,4,1370.0,0.39999999999999997,3.0,0.25423408,-25.961905
47574,"Austin-Round Rock, TX",2014-11-01,2015,Cedar Park,-1,Fall,1,1257.0,0.09066666666666667,3.0,-1.4025174,-22.658447
47606,"Austin-Round Rock, TX",2013-09-01,2014,North Central Austin,-1,Fall,3,975.0,0.5026666666666667,3.0,-0.8517187,-26.175777
47913,"Akron, OH",2017-09-01,2017,South Summit County,0,Fall,0,1125.0,0.4583333333333333,3.0,-3.884809,-26.089205
48136,"Austin-Round Rock, TX",2016-04-01,2016,South Austin,0,Spring,0,2197.0,0.17366666666666666,2.0,-0.09400561,14.540592
48351,"Austin-Round Rock, TX",2017-06-01,2017,South Austin,0,Summer,2,1796.0,0.169,1.0,19.007986,-3.0871835
49698,"Austin-Round Rock, TX",2014-03-01,2014,Round Rock/Georgetown,0,Spring,1,945.0,0.12933333333333333,2.0,-0.6723009,23.517054
49990,"Austin-Round Rock, TX",2016-06-01,2016,Downtown/University,0,Summer,3,2298.0,0.21366666666666667,1.0,20.542356,-2.951138
50271,"Austin-Round Rock, TX",2014-08-01,2014,Riverside,0,Summer,1,1695.0,0.3293333333333333,1.0,18.02734,-2.4516828
50902,"Austin-Round Rock, TX",2016-08-01,2017,Southwest Austin,-1,Summer,4,1582.0,0.447,1.0,22.914604,-2.3344128
51333,"Akron, OH",2016-01-01,2016,South Summit County,0,Winter,0,1219.0,0.8853333333333334,0.0,-16.360579,-2.9490647
51760,"Austin-Round Rock, TX",2016-07-01,2016,Near North Austin,0,Summer,0,1632.0,0.4996666666666667,1.0,17.872377,0.33002943
51952,"Austin-Round Rock, TX",2016-11-01,2017,South Austin,-1,Fall,1,2788.0,0.14966666666666667,3.0,0.8658748,-19.573606
52209,"Austin-Round Rock, TX",2014-03-01,2014,Far West Austin,0,Spring,0,1382.0,0.165,2.0,-2.2304187,23.378386
52258,"Austin-Round Rock, TX",2015-12-01,2016,Northwest Austin,-1,Winter,1,1244.0,0.347,0.0,-23.694048,-1.8652275
52347,"Austin-Round Rock, TX",2015-03-01,2015,Pflugerville/Wells Branch,0,Spring,1,1103.0,0.149,2.0,-0.8199696,23.202023
52348,"Austin-Round Rock, TX",2017-03-01,2017,Pflugerville/Wells Branch,0,Spring,3,1222.0,0.027999999999999997,2.0,1.5547365,21.251675
52349,"Austin-Round Rock, TX",2017-10-01,2018,Cedar Park,-1,Fall,2,1267.0,0.14066666666666666,3.0,-0.48699245,-23.471655
52374,"Austin-Round Rock, TX",2015-06-01,2016,Northwest Austin,-1,Summer,1,1162.0,0.12533333333333332,1.0,22.755077,1.9444654
52711,"Austin-Round Rock, TX",2015-10-01,2016,Riverside,-1,Fall,0,1623.0,0.07966666666666666,3.0,-1.63099,-21.333221
53304,"Austin-Round Rock, TX",2015-05-01,2015,Round Rock/Georgetown,0,Spring,3,1080.0,0.3096666666666667,2.0,0.95536053,19.10297
53307,"Austin-Round Rock, TX",2017-01-01,2017,Round Rock/Georgetown,0,Winter,3,1155.0,0.29333333333333333,0.0,-20.747284,-4.0691576
53330,"Austin-Round Rock, TX",2015-02-01,2015,Southwest Austin,0,Winter,2,1210.0,0.30666666666666664,0.0,-20.345375,-3.233658
53642,"Austin-Round Rock, TX",2014-07-01,2015,Round Rock/Georgetown,-1,Summer,1,1139.0,0.21666666666666665,1.0,22.300184,1.5505376
53644,"Austin-Round Rock, TX",2015-06-01,2015,Round Rock/Georgetown,0,Summer,3,1109.0,0.576,1.0,15.990016,-0.2803161
53648,"Austin-Round Rock, TX",2014-12-01,2014,Far South Austin,0,Winter,1,1309.0,0.519,0.0,-18.30317,-2.844591
53652,"Austin-Round Rock, TX",2014-05-01,2014,Near North Austin,0,Spring,2,1390.0,0.15566666666666665,2.0,-0.16141587,21.601336
53901,"Austin-Round Rock, TX",2015-08-01,2016,East Austin,-1,Summer,2,1857.0,0.10866666666666668,1.0,24.863317,0.5703367
54780,"Austin-Round Rock, TX",2016-12-01,2017,South Austin,-1,Winter,2,1555.0,0.355,0.0,-23.803968,-2.4175928
55187,"Austin-Round Rock, TX",2016-09-01,2017,Southwest Austin,-1,Fall,4,1381.0,0.11,3.0,1.5295181,-24.482527
55211,"Austin-Round Rock, TX",2015-04-01,2015,Round Rock/Georgetown,0,Spring,3,1113.0,0.13999999999999999,2.0,1.4682257,20.539818
56174,"Austin-Round Rock, TX",2016-06-01,2017,East Austin,-1,Summer,2,2133.0,0.036,1.0,25.342499,0.6745285
56313,"Austin-Round Rock, TX",2015-12-01,2017,East Austin,-2,Winter,2,1941.0,0.0,0.0,-25.603863,-3.3340857
56838,"Austin-Round Rock, TX",2016-08-01,2016,Southwest Austin,0,Summer,4,1684.0,0.3666666666666667,1.0,20.44867,-4.286094
57043,"Austin-Round Rock, TX",2017-12-01,2018,Round Rock/Georgetown,-1,Winter,3,1341.0,0.05266666666666667,0.0,-23.991514,-3.8481414
57105,"Austin-Round Rock, TX",2015-08-01,2015,Pflugerville/Wells Branch,0,Summer,1,1262.0,0.6393333333333334,1.0,16.843964,0.8012655
57279,"Austin-Round Rock, TX",2016-05-01,2017,Pflugerville/Wells Branch,-1,Spring,0,1039.0,0.158,2.0,0.21693239,25.34317
58032,"Austin-Round Rock, TX",2017-07-01,2018,Round Rock/Georgetown,-1,Summer,4,1442.0,0.15266666666666664,1.0,23.833809,-1.9325227
58357,"Austin-Round Rock, TX",2016-04-01,2016,Downtown/University,0,Spring,3,1825.0,0.15666666666666665,2.0,-0.7778345,20.43209
58950,"Austin-Round Rock, TX",2010-09-01,2010,Round Rock/Georgetown,0,Fall,1,973.0,0.6960000000000001,3.0,-3.607504,-26.731108
59175,"Austin-Round Rock, TX",2017-11-01,2018,North Central Austin,-1,Fall,1,1651.0,0.22666666666666666,3.0,-0.8651445,-21.487595
59700,"Austin-Round Rock, TX",2016-08-01,2017,Southwest Austin,-1,Summer,4,1549.0,0.262,1.0,23.377153,-2.128397
59808,"Austin-Round Rock, TX",2015-08-01,2015,North Central Austin,0,Summer,1,1477.0,0.7896666666666666,1.0,16.813839,1.2298231
60618,"Austin-Round Rock, TX",2015-11-01,2016,Southwest Austin,-1,Fall,1,1449.0,0.06233333333333333,3.0,-1.0378982,-22.21467
62303,"Austin-Round Rock, TX",2009-03-01,2008,Southeast Austin,1,Spring,1,846.0,0.7903333333333333,2.0,-3.8664985,16.754467
64183,"Austin-Round Rock, TX",2017-04-01,2017,Riverside,0,Spring,1,1436.0,0.10833333333333334,2.0,-1.4426259,22.588821
64775,"Austin-Round Rock, TX",2018-02-01,2018,Cedar Park,0,Winter,2,1534.0,0.15466666666666665,0.0,-21.46737,-2.3472164
64806,"Austin-Round Rock, TX",2017-10-01,2018,East Austin,-1,Fall,2,2091.0,0.08066666666666666,3.0,0.89975184,-21.345629
65404,"Austin-Round Rock, TX",2009-11-01,2009,Round Rock/Georgetown,0,Fall,2,1084.0,0.36066666666666664,3.0,-3.2462204,-25.31641
65626,"Austin-Round Rock, TX",2017-09-01,2018,Riverside,-1,Fall,1,1769.0,0.16466666666666666,3.0,-0.40535188,-21.230122
65660,"Austin-Round Rock, TX",2017-04-01,2018,Far West Austin,-1,Spring,0,1481.0,0.15033333333333335,2.0,0.5718185,25.600958
65698,"Austin-Round Rock, TX",2015-10-01,2016,Near North Austin,-1,Fall,0,1756.0,0.12166666666666666,3.0,-1.2033706,-20.892859
65886,"Austin-Round Rock, TX",2016-04-01,2016,Downtown/University,0,Spring,3,3158.0,0.0,2.0,0.17696701,12.531929
66015,"Austin-Round Rock, TX",2014-07-01,2014,San Marcos,0,Summer,0,1007.0,0.8083333333333332,1.0,16.538544,1.5126197
66089,"Austin-Round Rock, TX",2018-01-01,2018,East Austin,0,Winter,2,2067.0,0.085,0.0,-22.05986,-0.42355645
66090,"Austin-Round Rock, TX",2016-07-01,2016,Southeast Austin,0,Summer,1,1456.0,0.21633333333333335,1.0,17.429745,-2.9894226
66159,"Austin-Round Rock, TX",2017-04-01,2017,Northwest Austin,0,Spring,3,1491.0,0.3056666666666667,2.0,0.001740016,19.911053
66166,"Austin-Round Rock, TX",2016-10-01,2017,Round Rock/Georgetown,-1,Fall,1,1109.0,0.6893333333333334,3.0,-2.4077654,-26.684687
66282,"Austin-Round Rock, TX",2016-09-01,2017,Cedar Park,-1,Fall,4,1436.0,0.10466666666666667,3.0,1.6256989,-24.305775
66304,"Austin-Round Rock, TX",2016-04-01,2016,Cedar Park,0,Spring,4,1086.0,0.26766666666666666,2.0,1.7784941,18.785826
69751,"Austin-Round Rock, TX",2016-02-01,2016,San Marcos,0,Winter,2,1235.0,0.7953333333333333,0.0,-16.828337,-2.6474597
70346,"Austin-Round Rock, TX",2020-03-01,2021,Round Rock/Georgetown,-1,Spring,2,1391.0,0.15033333333333332,2.0,1.805035,24.6621
70636,"Austin-Round Rock, TX",2020-04-01,2021,East Austin,-1,Spring,3,1347.0,0.052333333333333336,2.0,2.3536098,24.111225
70684,"Austin-Round Rock, TX",2018-03-01,2018,Far South Austin,0,Spring,3,1158.0,0.3423333333333334,2.0,0.69776845,18.904736
70690,"Austin-Round Rock, TX",2017-07-01,2017,Southeast Austin,0,Summer,1,1312.0,0.2973333333333334,1.0,16.99581,-2.393262
70694,"Austin-Round Rock, TX",2018-08-01,2019,East Austin,-1,Summer,2,1365.0,0.151,1.0,23.402369,0.28463218
71006,"Austin-Round Rock, TX",2016-11-01,2017,East Austin,-1,Fall,1,1669.0,0.10099999999999999,3.0,-0.54615486,-21.631857
71149,"Austin-Round Rock, TX",2018-02-01,2018,East Austin,0,Winter,3,1507.0,0.5133333333333333,0.0,-19.413626,-3.792398
71391,"Austin-Round Rock, TX",2019-02-01,2019,Near North Austin,0,Winter,1,1563.0,0.14533333333333334,0.0,-21.099281,-1.5778563
71727,"Austin-Round Rock, TX",2016-08-01,2016,San Marcos,0,Summer,3,1048.0,0.979,1.0,15.275737,1.0786285
71730,"Austin-Round Rock, TX",2016-07-01,2017,San Marcos,-1,Summer,3,1042.0,0.37633333333333335,1.0,22.471085,-1.01999
71736,"Austin-Round Rock, TX",2017-07-01,2017,Cedar Park,0,Summer,1,1302.0,0.26433333333333336,1.0,16.96862,-2.6463406
71738,"Austin-Round Rock, TX",2020-07-01,2020,Cedar Park,0,Summer,6,1355.0,0.5489999999999999,1.0,21.835407,-5.322661
71761,"Austin-Round Rock, TX",2016-09-01,2017,San Marcos,-1,Fall,2,1128.0,0.4103333333333334,3.0,-1.3126601,-25.415493
71766,"Austin-Round Rock, TX",2016-11-01,2017,Southeast Austin,-1,Fall,1,1149.0,0.14033333333333334,3.0,-1.6170646,-23.053566
71772,"Austin-Round Rock, TX",2016-07-01,2016,North Central Austin,0,Summer,0,1533.0,0.677,1.0,17.33648,1.0568728
71817,"Austin-Round Rock, TX",2018-01-01,2018,Far South Austin,0,Winter,3,1200.0,0.25733333333333336,0.0,-21.06585,-3.9720824
71821,"Austin-Round Rock, TX",2017-04-01,2017,Northwest Austin,0,Spring,3,1353.0,0.09266666666666667,2.0,1.1074518,21.040367
71824,"Austin-Round Rock, TX",2016-08-01,2017,Cedar Park,-1,Summer,4,1266.0,0.08600000000000001,1.0,24.158543,-1.887432
71860,"Austin-Round Rock, TX",2017-02-01,2017,Pflugerville/Wells Branch,0,Winter,2,1412.0,0.09366666666666668,0.0,-21.557613,-2.5368717
71883,"Austin-Round Rock, TX",2018-05-01,2018,Cedar Park,0,Spring,2,1199.0,0.11199999999999999,2.0,0.48652142,21.961508
71887,"Austin-Round Rock, TX",2017-08-01,2018,Southeast Austin,-1,Summer,1,1141.0,0.642,1.0,17.994413,1.7929631
71889,"Austin-Round Rock, TX",2017-02-01,2018,Northwest Austin,-1,Winter,3,1354.0,0.08466666666666667,0.0,-23.996881,-3.8085756
72166,"Austin-Round Rock, TX",2019-11-01,2020,Riverside,-1,Fall,2,1611.0,0.08133333333333333,3.0,0.16472842,-22.478453
75981,"Austin-Round Rock, TX",2020-08-01,2020,Pflugerville/Wells Branch,0,Summer,1,1315.0,0.051,1.0,17.023201,-3.7733116
76059,"Austin-Round Rock, TX",2017-05-01,2018,Round Rock/Georgetown,-1,Spring,3,1208.0,0.11233333333333334,2.0,2.3163443,23.964565
76064,"Austin-Round Rock, TX",2017-07-01,2018,Northwest Austin,-1,Summer,3,1352.0,0.023000000000000003,1.0,24.377262,-0.8989224
76201,"Austin-Round Rock, TX",2017-10-01,2018,Far South Austin,-1,Fall,3,1344.0,0.10666666666666667,3.0,0.6832178,-23.950367
76210,"Austin-Round Rock, TX",2017-10-01,2018,San Marcos,-1,Fall,3,1201.0,0.056333333333333326,3.0,0.5471864,-24.130138
77756,"Austin-Round Rock, TX",2017-02-01,2017,Pflugerville/Wells Branch,0,Winter,2,1168.0,0.171,0.0,-20.96573,-2.993933
79221,"Austin-Round Rock, TX",2019-07-01,2019,Riverside,0,Summer,2,2448.0,0.12566666666666668,1.0,20.461615,-2.3071823
79461,"Austin-Round Rock, TX",2019-03-01,2020,North Central Austin,-1,Spring,3,2006.0,0.04866666666666667,2.0,2.758305,24.907011
79577,"Austin-Round Rock, TX",2017-05-01,2017,San Marcos,0,Spring,3,1177.0,0.36533333333333334,2.0,0.54911155,18.704926
80662,"Austin-Round Rock, TX",2013-08-01,2014,Southwest Austin,-1,Summer,0,1552.0,0.11733333333333333,1.0,23.702871,2.4548674
81450,"Austin-Round Rock, TX",2017-08-01,2018,Round Rock/Georgetown,-1,Summer,3,1348.0,0.077,1.0,24.056751,-0.9008892
82239,"Austin-Round Rock, TX",2018-08-01,2018,Pflugerville/Wells Branch,0,Summer,2,1241.0,0.59,1.0,16.513882,0.053503796
82277,"Austin-Round Rock, TX",2018-09-01,2018,Southwest Austin,0,Fall,2,1707.0,0.1456666666666667,3.0,-3.294124,-23.867544
82292,"Austin-Round Rock, TX",2018-06-01,2019,North Central Austin,-1,Summer,2,1466.0,0.12466666666666666,1.0,23.78367,0.3323267
82302,"Austin-Round Rock, TX",2019-02-01,2019,Riverside,0,Winter,1,1773.0,0.219,0.0,-21.284037,-1.1550429
82341,"Austin-Round Rock, TX",2018-12-01,2019,North Central Austin,-1,Winter,4,1708.0,0.19166666666666665,0.0,-24.49779,-4.4046707
82343,"Austin-Round Rock, TX",2019-08-01,2019,Southwest Austin,0,Summer,3,1576.0,0.19833333333333333,1.0,19.451967,-3.6016812
82358,"Austin-Round Rock, TX",2020-07-01,2020,Riverside,0,Summer,1,2920.0,0.0,1.0,20.536566,-1.8437545
82396,"Austin-Round Rock, TX",2019-03-01,2019,Pflugerville/Wells Branch,0,Spring,1,1255.0,0.6546666666666666,2.0,-3.2086725,18.469404
82401,"Austin-Round Rock, TX",2019-11-01,2020,Northwest Austin,-1,Fall,0,1655.0,0.305,3.0,-1.671896,-20.850428
82462,"Austin-Round Rock, TX",2019-08-01,2020,East Austin,-1,Summer,0,2036.0,0.439,1.0,20.682653,1.4438905
82555,"Austin-Round Rock, TX",2017-02-01,2017,Southwest Austin,0,Winter,4,1554.0,0.16,0.0,-22.080513,-4.4122453
85403,"Austin-Round Rock, TX",2019-04-01,2019,Downtown/University,0,Spring,1,2659.0,0.2856666666666667,2.0,-0.0965882,13.637997
86185,"Austin-Round Rock, TX",2017-09-01,2017,Pflugerville/Wells Branch,0,Fall,2,1193.0,0.38000000000000006,3.0,-3.2644536,-25.308945
86194,"Austin-Round Rock, TX",2017-08-01,2018,South Austin,-1,Summer,1,1773.0,0.08900000000000001,1.0,24.58729,1.4192748
86196,"Austin-Round Rock, TX",2017-10-01,2018,San Marcos,-1,Fall,3,1257.0,0.5256666666666666,3.0,-0.7891516,-26.130606
86202,"Austin-Round Rock, TX",2018-01-01,2018,Far South Austin,0,Winter,3,1314.0,0.2703333333333333,0.0,-21.01772,-3.8201344
86203,"Austin-Round Rock, TX",2017-09-01,2017,San Marcos,0,Fall,3,1222.0,0.24633333333333332,3.0,-3.0237286,-24.841694
86205,"Austin-Round Rock, TX",2018-02-01,2018,Pflugerville/Wells Branch,0,Winter,3,1318.0,0.156,0.0,-21.633257,-3.6654248
86303,"Austin-Round Rock, TX",2018-07-01,2018,Pflugerville/Wells Branch,0,Summer,2,1330.0,0.35566666666666663,1.0,17.364689,-1.5933793
86449,"Austin-Round Rock, TX",2020-06-01,2020,Cedar Park,0,Summer,8,1510.0,0.08,1.0,22.805782,-5.136
87387,"Austin-Round Rock, TX",2020-03-01,2020,North Central Austin,0,Spring,3,1805.0,0.27133333333333337,2.0,-0.9099163,20.093973
87610,"Akron, OH",2020-03-01,2020,South Summit County,0,Spring,1,1679.0,0.30033333333333334,2.0,-2.351692,21.021084
87856,"Austin-Round Rock, TX",2008-06-01,2008,East Austin,0,Summer,3,793.0,0.618,1.0,15.516338,0.09972414
88543,"Austin-Round Rock, TX",2017-02-01,2017,North Central Austin,0,Winter,0,888.0,0.6433333333333334,0.0,-17.246893,-3.4964285
88636,"Austin-Round Rock, TX",2018-12-01,2019,East Austin,-1,Winter,1,1694.0,0.24633333333333332,0.0,-24.218569,-2.0099173
90323,"Austin-Round Rock, TX",2019-10-01,2020,Cedar Park,-1,Fall,5,1488.0,0.07933333333333333,3.0,2.240332,-24.48715
90351,"Austin-Round Rock, TX",2018-07-01,2018,San Marcos,0,Summer,1,1289.0,0.3036666666666667,1.0,16.920788,-2.3410425
90771,"Austin-Round Rock, TX",2019-06-01,2019,North Central Austin,0,Summer,3,1628.0,0.2353333333333333,1.0,19.511965,-3.6208823
90985,"Austin-Round Rock, TX",2018-03-01,2018,Southeast Austin,0,Spring,0,1332.0,0.138,2.0,-2.038311,23.596869
90988,"Austin-Round Rock, TX",2018-08-01,2019,Southwest Austin,-1,Summer,2,1622.0,0.3463333333333333,1.0,22.200552,0.08984126
91008,"Austin-Round Rock, TX",2019-01-01,2019,North Central Austin,0,Winter,3,1386.0,0.133,0.0,-21.805016,-3.5020885
91009,"Austin-Round Rock, TX",2018-02-01,2018,North Central Austin,0,Winter,2,1636.0,0.4663333333333333,0.0,-19.181562,-3.0490947
91019,"Austin-Round Rock, TX",2020-01-01,2020,North Central Austin,0,Winter,3,2554.0,0.144,0.0,-22.342978,0.774173
91020,"Austin-Round Rock, TX",2019-04-01,2019,Far West Austin,0,Spring,0,1471.0,0.507,2.0,-3.5862916,19.681974
91026,"Austin-Round Rock, TX",2018-07-01,2019,Southwest Austin,-1,Summer,3,1315.0,0.08066666666666666,1.0,23.996452,-0.9231339
91541,"Austin-Round Rock, TX",2020-04-01,2020,Far South Austin,0,Spring,1,1504.0,0.293,2.0,-2.2717092,21.055803
91636,"Austin-Round Rock, TX",2018-03-01,2019,Round Rock/Georgetown,-1,Spring,1,1553.0,0.037,2.0,1.3312209,25.315287
91974,"Austin-Round Rock, TX",2019-09-01,2020,Southwest Austin,-1,Fall,3,1661.0,0.16266666666666665,3.0,1.1353607,-23.164717
92221,"Austin-Round Rock, TX",2019-12-01,2020,Cedar Park,-1,Winter,5,1855.0,0.09000000000000001,0.0,-24.550257,-4.9352784
92308,"Akron, OH",2018-05-01,2018,Kent/Portage County,0,Spring,0,1230.0,0.5706666666666667,2.0,-3.6931968,19.24524
10087244,"Austin-Round Rock, TX",2019-12-01,2020,Cedar Park,-1,Winter,5,1382.0,0.08733333333333333,0.0,-24.208876,-4.949417
10251497,"Austin-Round Rock, TX",2018-07-01,2019,San Marcos,-1,Summer,1,1347.0,0.13133333333333333,1.0,23.222935,1.4056786
10251501,"Austin-Round Rock, TX",2018-10-01,2019,Cedar Park,-1,Fall,2,1314.0,0.2826666666666667,3.0,-0.99705905,-24.396713
10251563,"Austin-Round Rock, TX",2020-03-01,2020,East Austin,0,Spring,3,1208.0,0.459,2.0,-0.1153844,18.049181
10252087,"Austin-Round Rock, TX",2019-11-01,2020,San Marcos,-1,Fall,1,1428.0,0.124,3.0,-1.144983,-22.301346
10252089,"Austin-Round Rock, TX",2019-07-01,2020,San Marcos,-1,Summer,1,1273.0,0.244,1.0,22.346252,1.235405
10252099,"Austin-Round Rock, TX",2020-03-01,2020,North Central Austin,0,Spring,3,1366.0,0.26133333333333336,2.0,0.5377333,20.014275
10252263,"Austin-Round Rock, TX",2020-08-01,2020,Far South Austin,0,Summer,1,1514.0,0.087,1.0,17.495672,-3.669207
10252391,"Austin-Round Rock, TX",2020-07-01,2020,North Central Austin,0,Summer,3,1450.0,0.495,1.0,16.782835,-0.7566793
10253094,"Austin-Round Rock, TX",2019-05-01,2020,Round Rock/Georgetown,-1,Spring,1,1346.0,0.048999999999999995,2.0,1.1426537,25.200474
10253142,"Austin-Round Rock, TX",2020-04-01,2020,Near North Austin,0,Spring,1,1845.0,0.04533333333333334,2.0,-2.2627254,22.170198
10253290,"Austin-Round Rock, TX",2019-07-01,2019,Southwest Austin,0,Summer,3,1452.0,0.18399999999999997,1.0,19.269236,-3.5212877
10253505,"Austin-Round Rock, TX",2020-08-01,2020,Cedar Park,0,Summer,6,1432.0,0.251,1.0,22.277353,-4.956698
10253510,"Austin-Round Rock, TX",2019-12-01,2020,Southwest Austin,-1,Winter,3,1478.0,0.08966666666666667,0.0,-24.19795,-3.7073343
10253936,"Austin-Round Rock, TX",2019-12-01,2019,Near North Austin,0,Winter,1,2150.0,0.737,0.0,-17.450521,-1.4806064
10253948,"Austin-Round Rock, TX",2019-11-01,2020,Cedar Park,-1,Fall,4,1624.0,0.06633333333333334,3.0,1.9038382,-23.768496
10253991,"Austin-Round Rock, TX",2019-12-01,2019,Pflugerville/Wells Branch,0,Winter,1,1248.0,0.8653333333333334,0.0,-16.588322,-2.7134206
10253992,"Austin-Round Rock, TX",2019-07-01,2020,Southeast Austin,-1,Summer,1,1373.0,0.21366666666666667,1.0,22.677265,1.1911691
10253994,"Austin-Round Rock, TX",2020-02-01,2020,Cedar Park,0,Winter,9,1572.0,0.19233333333333333,0.0,-23.763767,-6.2169247
10254214,"Austin-Round Rock, TX",2019-06-01,2020,Round Rock/Georgetown,-1,Summer,1,1424.0,0.085,1.0,23.746504,1.537651
10254371,"Austin-Round Rock, TX",2020-08-01,2020,Cedar Park,0,Summer,6,1347.0,0.239,1.0,22.336666,-4.9658175
10255043,"Austin-Round Rock, TX",2019-04-01,2018,Cedar Park,1,Spring,2,1289.0,0.8453333333333334,2.0,-3.3294337,16.551792
10255506,"Austin-Round Rock, TX",2020-08-01,2020,Round Rock/Georgetown,0,Summer,2,1384.0,0.347,1.0,17.502186,-1.7197012
10255580,"Austin-Round Rock, TX",2019-05-01,2019,Southeast Austin,0,Spring,1,1161.0,0.604,2.0,-3.239271,18.607664
10255590,"Austin-Round Rock, TX",2019-06-01,2020,Pflugerville/Wells Branch,-1,Summer,2,1255.0,0.29633333333333334,1.0,22.45567,0.10584041
10255623,"Austin-Round Rock, TX",2020-09-01,2020,Cedar Park,0,Fall,5,1332.0,,,,
10258133,"Austin-Round Rock, TX",2020-08-01,2020,Cedar Park,0,Summer,6,1325.0,0.118,1.0,22.524834,-4.902658
10258176,"Austin-Round Rock, TX",2020-04-01,2020,Riverside,0,Spring,2,1207.0,0.68,2.0,-2.4261315,17.806604
10258733,"Akron, OH",2020-06-01,2019,South Summit County,1,Summer,1,1034.0,0.0,1.0,16.003735,-4.33216
10260384,"Austin-Round Rock, TX",2020-02-01,2020,Southeast Austin,0,Winter,1,1697.0,0.48866666666666675,0.0,-18.638433,-2.3719103
10261515,"Austin-Round Rock, TX",2020-04-01,2021,Round Rock/Georgetown,-1,Spring,2,1770.0,0.13,2.0,2.1882048,25.011272
10261718,"Austin-Round Rock, TX",2020-08-01,2020,East Austin,0,Summer,3,2056.0,0.004,1.0,20.43622,-3.1423612
10262616,"Austin-Round Rock, TX",2020-08-01,2020,San Marcos,0,Summer,0,1355.0,0.071,1.0,16.747103,-3.867575
10262644,"Austin-Round Rock, TX",2020-08-01,2020,East Austin,0,Summer,3,1778.0,0.191,1.0,19.78217,-3.5698006
10262830,"Austin-Round Rock, TX",2020-07-01,2021,Pflugerville/Wells Branch,-1,Summer,1,1305.0,0.11499999999999999,1.0,23.20196,1.6730163
10263165,"Austin-Round Rock, TX",2020-08-01,2021,Southeast Austin,-1,Summer,1,1418.0,0.145,1.0,23.376192,1.3111264
